<?xml version="1.0" encoding="UTF-8"?>
<?xml-model href="auteurs.rng" type="application/xml" schematypens="http://relaxng.org/ns/structure/1.0"?>
<auteurs xmlns="com:oxiane:formation:xml:auteurs">
  <auteur>
    <id>8ad0fe24-63a5-11ea-bc55-0242ac130003</id>
    <nom>Halter</nom>
    <prenom>Marek</prenom>
  </auteur>
  <auteur>
    <id>be321d70-63a5-11ea-bc55-0242ac130003</id>
    <nom>Boulle</nom>
    <prenom>Pierre</prenom>
  </auteur>
  <auteur>
    <id>4d8e9728-63a6-11ea-bc55-0242ac130003</id>
    <nom>Platon</nom>
  </auteur>
  <auteur>
    <id>61eb5c6a-63a6-11ea-bc55-0242ac130003</id>
    <nom>Frébourg</nom>
    <prenom>Olivier</prenom>
  </auteur>
  <auteur>
    <id>66133fec-63a6-11ea-bc55-0242ac130003</id>
    <nom>London</nom>
    <prenom>Jack</prenom>
  </auteur>
  <auteur>
    <id>6ce12f32-63a6-11ea-bc55-0242ac130003</id>
    <nom>Duhamel</nom>
    <prenom>Jérôme</prenom>
  </auteur>
  <auteur>
    <id>c35daebc-63a6-11ea-bc55-0242ac130003</id>
    <nom>Cussler</nom>
    <prenom>Clive</prenom>
  </auteur>
  <auteur>
    <id>d75056f4-63a6-11ea-bc55-0242ac130003</id>
    <nom>Nesbø</nom>
    <prenom>Jo</prenom>
  </auteur>
  <auteur>
    <id>221b3bd6-63a7-11ea-bc55-0242ac130003</id>
    <nom>Perry</nom>
    <prenom>Thomas</prenom>
  </auteur>
  <auteur>
    <id>a04f37cc-63b2-11ea-bc55-0242ac130003</id>
    <nom>Grangé</nom>
    <prenom>Jean-Christophe</prenom>
  </auteur>
  <auteur>
    <id>9f59a266-69ee-11ea-bc55-0242ac130003</id>
    <nom>Rowling</nom>
    <prenom>Joanne</prenom>
  </auteur>
</auteurs>
